<?xml version="1.0" encoding="utf-8"?>
<databaseChangeLog
    xmlns="http://www.liquibase.org/xml/ns/dbchangelog"
    xmlns:ext="http://www.liquibase.org/xml/ns/dbchangelog-ext"
    xmlns:xsi="http://www.w3.org/2001/XMLSchema-instance"
    xsi:schemaLocation="http://www.liquibase.org/xml/ns/dbchangelog http://www.liquibase.org/xml/ns/dbchangelog/dbchangelog-3.9.xsd
                        http://www.liquibase.org/xml/ns/dbchangelog-ext http://www.liquibase.org/xml/ns/dbchangelog/dbchangelog-ext.xsd">

    
    <!--
        Added the entity Document.
    -->
    <changeSet id="20200818154611-1" author="jhipster">
        <createTable tableName="document">
            <column name="id" type="bigint">
                <constraints primaryKey="true" nullable="false"/>
            </column>
            <column name="id_type" type="varchar(255)">
                <constraints nullable="true" />
            </column>
            <column name="id_number" type="varchar(255)">
                <constraints nullable="true" />
            </column>
            <column name="status" type="varchar(255)">
                <constraints nullable="true" />
            </column>
            <column name="medical_practitioner_id" type="bigint">
                <constraints nullable="true" />
            </column>
            <!-- jhipster-needle-liquibase-add-column - JHipster will add columns here -->
        </createTable>
    </changeSet>

    <changeSet id="20200818154611-1-relations" author="jhipster">

    </changeSet>
    
    <!-- Added the entity audit columns -->
    <changeSet id="20200818154522-audit-1" author="jhipster-entity-audit">
        <addColumn tableName="document">
            <column name="created_by" type="varchar(50)" defaultValue="system">
                <constraints nullable="false"/>
            </column>
            <column name="created_date" type="timestamp" defaultValueDate="${now}">
                <constraints nullable="false"/>
            </column>
            <column name="last_modified_by" type="varchar(50)"/>
            <column name="last_modified_date" type="timestamp"/>
        </addColumn>
    </changeSet>
    <!-- jhipster-needle-liquibase-add-changeset - JHipster will add changesets here -->

    <!--
        Load sample data generated with Faker.js
        - This data can be easily edited using a CSV editor (or even MS Excel) and
          is located in the 'src/main/resources/config/liquibase/fake-data' directory
        - By default this data is applied when running with the JHipster 'dev' profile.
          This can be customized by adding or removing 'faker' in the 'spring.liquibase.contexts'
          Spring Boot configuration key.
    -->
    <changeSet id="20200818154611-1-data" author="jhipster" context="faker">
        <loadData
                  file="config/liquibase/fake-data/document.csv"
                  separator=";"
                  tableName="document">
            <column name="id" type="numeric"/>
            <column name="id_type" type="string"/>
            <column name="id_number" type="string"/>
            <column name="status" type="string"/>
            <!-- jhipster-needle-liquibase-add-loadcolumn - JHipster (and/or extensions) can add load columns here -->
        </loadData>
    </changeSet>

</databaseChangeLog>
