id;id_type;id_number;status
1;invoice infomediaries;target Fantastic Universal;Mountain
2;viral hacking parse;neural El Salvador Colon US Dollar;Maine hacking
3;Automotive azure Auto Loan Account;hacking Aruban Guilder grey;pricing structure
4;hard drive;Down-sized fault-tolerant Rustic;program teal Distributed
5;Human Multi-tiered;payment sensor maximize;Operations Money Market Account
6;copy;Steel back up envisioneer;bi-directional
7;Response Games Generic Fresh Cheese;Borders Tactics payment;orchid Savings Account Pataca
8;array microchip;Gorgeous Soft Tuna Beauty;Shoes Health COM
9;primary;Nevada Checking Account Chief;payment Checking Account
10;dynamic;Mozambique;mesh
